#{"t_start": 1741110430.878914, "env_id": "PCSUnitEnv-v0"}
r,l,t
0.169981,48,0.125549
0.0,48,0.222705
0.0,48,0.319503
0.0,48,0.420229
0.0,48,0.521633
0.0,48,0.631205
0.0,48,0.736095
0.0,48,0.850642
0.0,48,0.961492
0.0,48,1.068175
