iteration,mean_reward,std_reward
0,0.0502578,0.10051560000000001
1,0.0,0.0
0,0.0502578,0.10051560000000001
1,0.0,0.0
