#{"t_start": 1741110340.18644, "env_id": "ISOEnv-v0"}
r,l,t
-214580.428443,48,1.255324
-213372.112646,48,4.840595
-217891.840579,48,8.2212
-211703.626086,48,11.428855
-219682.486095,48,14.850031
