iteration,mean_reward,std_reward
0,-102061.241333,0.0
0,-102927.163691,0.0
0,-150036.206696,0.0
0,-159099.965752,0.0
0,-102252.92201,0.0
0,-76795.794276,0.0
0,-105547.326917,0.0
0,-79766.518992,0.0
