iteration,mean_reward,std_reward
0,-101034.93211099999,2237.941735034329
1,-101028.1387454,2240.467404586136
2,-978259.5360598,2241.0041508274494
0,-101044.60297899999,2239.80058756573
1,-101037.3761112,2240.277019305698
2,-101014.3534976,2240.2874078091754
